Application,Avg_Packet_Size,TCP_Seq_Count,TCP_Window_Size_Avg,TLS_Handshake_Count,Primary_Protocol,Flow_Size (Bytes),Flow_Volume (Packets),Inter_Packet_Time_Mean,TLS_Version,TLS_Cipher_Suite,Packet_Loss_Rate,Flow_Size,RTT,TCP_Flags
2ZOOM,691.3271028037383,60,86034.68224299066,3,TCP,1177797.0,1393.0,0.04896049856025482,0x0303,Unknown,0.9231873653984207,73972.0,0.07454146209516023,24.0
CHROME,675.2082547169812,261,253201.7462264151,3,UDP,1299755101.0,1298509.0,0.14498704604382784,Unknown,Unknown,0.9967347165094735,2862883.0,0.03685115740217011,17.0
MICROSOFT EDGE,558.3041095890411,199,1311738.5808219179,4,UDP,12809937.0,16913.0,0.034292342891431835,Unknown,Unknown,0.9568379353160291,407562.0,0.04273485573703478,16.0
SPOTIFY,530.540909090909,548,213192.08409090908,3,TCP,49067766.0,56844.0,0.059647740694609555,Unknown,Unknown,0.9690380691014003,933752.0,0.07740617974546044,16.0
ZOOM,313.9375,160,1834341.310546875,4,TCP,3495714.0,7912.0,1.0803643008694053,Unknown,Unknown,0.9352881698685541,160736.0,1.2575270608851785,16.0
הקלטה SPOTIFY,530.540909090909,548,213192.08409090908,3,TCP,49067766.0,56844.0,0.059647740694609555,Unknown,Unknown,0.9690380691014003,933752.0,0.07740617974546044,16.0
